{"cameraMode":{"drawMode":0,"name":"Shaded","section":"Shading Mode"},"sceneLighting":false,"audioPlay":false,"sceneViewState":{"m_AlwaysRefresh":false,"showFog":true,"showSkybox":true,"showFlares":true,"showImageEffects":true,"showParticleSystems":true,"showVisualEffectGraphs":true,"m_FxEnabled":false},"in2DMode":false,"pivot":{"x":0.9755569696426392,"y":-0.17062799632549287,"z":-9.478070259094239},"rotation":{"x":-0.07195998728275299,"y":0.08874668180942536,"z":-0.006428528111428022,"w":-0.993429958820343},"size":2.063357353210449,"orthographic":false}